account,pub key,accounts
joaofonseca5,EOS5KF4PeYiPjLMGvBpdLWUbb46wMrAKohATzpyNwH2BFSz1BFhsV,"active,owner"
fuzzytestnet,EOS7XbL818RdCroP6P4aJCycs4PEZMwchgDDLPUUjeaVUJLUJspUL,
stelios31112,EOS8D4fkvPYeQ4o7gnZi2mwuWsJJdHs5hC2Nh8wnpa3JehDYBSje8,
atomically12,EOS7tPhGuERd63FjQPdnJQnTbZ7N4EQcpj7cXHRyV1r6aiSGNuUKV,
gabesztelos1,EOS8YXFVvUkDBksd9RTxVeXApNhPc2btX3qxAoKCYu51k4zky55FY,"active,owner"
chandanakhil,EOS7fRiSg25UtMivmLkHwCoSkrxsvmQ5XggWLRS6J4fiT1TFbJmrZ,"active,owner"
zhouyingnan1,EOS8LXMFPNn9NMisg1gxWXgy899S5GjMwzDCgY58z3Q4hgbDA8gSR,"active,owner"
suigmyballas,EOS8JTDQc7MjfRcwWYWB1oiYdNSYtCawHYqqQeayYFMomeTkx6AYk,"active,owner"
rodolfo1234x,EOS7tWsz8csxnUNAWV4RNE9bYTBqWMeZKYLQCSoeyAA3JcDjPz9gq,"active,owner"
rubentelos55,EOS6qtxrYNDkXyX4UHFY7xzdEKc7jwWyxnm2Uvs1iwjxmddUguTCc,"active,owner"
tlswalles212,EOS6L9znewpH5XPQVJxb56oYGqZTbocWaQRjThfGmarGXKg7oUHhp,"active,owner"
mohammadaziz,EOS7hdQYFmXrkpJyf3o39ioaroN69VXBzuzpiEqyDVFzx7Bky8MGH,
chiuzontelos,EOS7mBnqC2uypuu9qH9Exry7tQ6yzBAM9LCTBDQJQKLdJuQLtJbST,"active,owner"
toushiktayeb,EOS66kpUmoVasaz7YYQ4YGodrfLLtkHvyJQUqTPeT9XPnpGkGsJNB,"active,owner"
telosmachine,EOS8Babwk5KgNDBXtCdJViJSFBjnyoeZJK6KdquwKGrbua3F7rPiL,"active,owner"
hedorohedoro,EOS86wuwLW1AdxHRNysMwzevE6pTLZHCtTrW8Grt7QyTXT1C3xEod,"active,owner"
tomearhart11,EOS7WtXssYBGea1rA7kktGbyGbizmaNfvpck6kVKz4kJMopaKRxfu,
architborda1,EOS87cBSALy8uQPSExrwdVfA9r8V9nFtjbtQrzaqADGDrSKf3NhvZ,"active,owner"
h3u4v12cw321,EOS8iufEMQDh5T7Dyug46KvQPMC8Hj7CrdFdWUrSz1zKs1DrETuk2,"active,owner"
tomtomcrypto,EOS7WtXssYBGea1rA7kktGbyGbizmaNfvpck6kVKz4kJMopaKRxfu,
szalonymops1,EOS7i7cPmPy9yBV9uYLYWaEfrEjtzGxCYBex8EXq1JafjfHJUbN16,"active,owner"
everzinc1234,EOS7yuf454M9N6NTSRwdzqDbTav36aedAcHZLfYbbq8GT76Ak3jgk,"active,owner"
jadogajorcyk,EOS7Zsx46M2FbXha19qLLob86tLjZ98R3dycCXe5wYhciThH7aNCG,
johndoughbul,EOS728HqXVnYMuHHQ1azPCxKvajh1KUJW89kcYqW6yLHZz9q6L4ER,"active,owner"
sunrainbow15,EOS7WUPiMukiefWrsc9Jtyd88dxVRHjaikNi7QDcveyZcvDG48CCB,"active,owner"
telosdangel1,EOS6NAZY9E9xsfCWCqEZKk63aCx3TTvuPLfWyo5vRKGsVspZ5NmMP,"active,owner"
starhelix111,EOS6e1LreQqbQ77mefJJ7TnqzKu3zzBAhQPaGwtYwHfne4KZASMkS,
kasparss1234,EOS7oWu5WPnvizNx2EhFBgBMh78Ds2iYuUT3ZnyVCM5frHLD3CJMf,"active,owner"
amainaccount,EOS6wvBNcQ5cAhjCPY1WP8WVghpxBZXvFQoe5WULkSjJPhpRwkYMS,"active,owner"
johnkarelsen,EOS5Wi5zTsBC8hc7TiyAxr32brTL8cBzVxzJe3RcqXK46gCJuSX36,"active,owner"
christoffer1,EOS8SqWxXTshfTaVnk9U9LdFZ8xaHfBrcqPqebnzsjz7v6sT6q4wT,"active,owner"
ger3basilisk,EOS5PUj7g2k4DFvb5Sk4Apg7KdPdsZRTS11fuJskuL84tKbLf9WfS,"active,owner"
perseepona11,EOS7wBMtDR8g9jj2aRoexFbGBNDjtKGVD4Don8AcF3uS41n6P7WxR,
dinguiterol1,EOS5UypDBFtbuaQt4NgsaRPgY8SQ6UQMAo8WaWZksfTsV6deVRoF8,"active,owner"
thetlosvault,EOS6VQvtMCWYsWt9g7m1Wzav2XTRgdRGexgeTt7kR15oETUEZcL52,"active,owner"
tloslompakko,EOS51Zose5tt6thMuTTXQuHhdSBBm6kGhVb1uYSwxaH3VHBBwJ76z,"active,owner"
gobbler12345,EOS8kPep1M4WK1HHNCbyAwJUBRrAjAJuzCSTFRwbw5vbQptMBvV3s,"active,owner"
michaelschap,EOS6hEwzfoNpAi2jHvwR9Hu6rirTKrNgpnkJAYS3pHLWJa8Db6Uka,"active,owner"
spacecookiex,EOS5uJxx6cGmGVJvUS5xy4ZuyPad6hJsLjf3biQNR2gkLAz2Sjwq8,"active,owner"
paalmathisen,EOS4usvofJN93zQSh8FvT3Sf4Zso2rK3UE8kECg55EwKWBiXjZ2VG,"active,owner"
carteratlose,EOS6QFmHBTwnDK9nrcPBzLUCanjzPH2dGkx6AsTFQ4mLAxy8EhLaK,"active,owner"
typecryptos1,EOS5e4cK7RqLJexSmUK8GgJBYrFokLpUWTh7HgmJ8k4THSz4CDa7E,"active,owner"
steveaiscats,EOS6c7V1JCHUNUoh9rBA3pj7XQ2Cv2iKYzT81Syf6ffiuXfYsP49S,"active,owner"
kylemichael1,EOS88TxBYS923DrsJZ2GfbCJcPUZwcpuY2XnYD1NGYZATpxcBg43G,
tomtomcrypto,EOS8HECbqhaeTgvP1MQ3kokGcFVvP1BnbSvEHeZXArUoiSKgNmfrc,"active,owner"
bryanlozano1,EOS7jfmKCwGP3ae8ksY6bbeAGfGoa9T8YJokJkz8T2zqqifDX81JP,"active,owner"
kmcotlevmone,EOS6HodcQPVdqw7ikiSLzooL4oQ88ChC1WhFxNncjPxnRhLpVveFe,"active,owner"
tzlgzzz21bbb,EOS6smk1y9cKSCJej4FLQZCcdBJXUXMkCRkgg5gHVjwooHjo6o75x,"active,owner"
giorgisfrags,EOS6nN8axz5ae9VeUB1bxFGivuiVeQ598ShFL57wryvp1nJN2xtGv,"active,owner"
jimmyyan1234,EOS5VN6MzBTUUPQhUwsHj1tz7695RVwxigkSAcBmxH2xW21ZxNL8W,"active,owner"
nakata242424,EOS5rmJUVPTmNL6H85HggweiVDMrKsC59Le8Hv86isxiV9js4nwYw,"active,owner"
edmondtse123,EOS6A16xDJQR87Pqab26cQLew36YenHj7Q1cXjxiJ1GtYWUFB5BgQ,"active,owner"
diangunz1234,EOS4xXtqYHxv1qywJznJvo8N9HZUgKkNuhCVF6vQkM3yXWWAaTpXU,"active,owner"
aerodynamics,EOS6L4BPn49tp78FxKP17tMgBKbWc7E6U6rpmXyMgGfw6hcBkbQrh,"active,owner"
washywason44,EOS75aiK6z9G5FFkUD1XE7wdu5vmCvjtjswWGZrzPe36nLix4gRwb,"active,owner"
rollerballin,EOS8BxqZs4F7DHG2vBwbH8CJQMb4v97QW8qqv34Yi2mxhhQoYGfk9,"active,owner"
superhalta44,EOS8ARFM1RKdrrTMAupddFTksrNhG3HxweTZPsxGzp9o6AxPTz61o,"active,owner"
deezwaytlos3,EOS8ez3N7rAiochmry86mzQp9W4rz2CzvKX5iu6HJUcEq31WyU7yx,"active,owner"
westlife1234,EOS5Do2StbQJFdtxcao4UrrwZcZXfot2ay8Qd6SLwnRUukzaYY4e7,"active,owner"
c4rteratelos,EOS8NqAAEo1YpJRUQszpWKNF3RxN6pjfbUbLTM5HdDYDXNxaHDaUg,"active,owner"
amisyville11,EOS77ZindAudK9QEmu4qcVzdBhwotFK7umD6EGwoNUwUCYDFSAbHZ,"active,owner"
santanderuno,EOS5jf3rHTyPsyVeLsbBBZV7km9xmXt8xzZtYmRVtzPccpS7S7379,"active,owner"
katoomstell3,EOS6s4L4C8P8fu7MJ89g8up7nr9USSdUuxgujugSFU3fS92MzyQqk,"active,owner"
wilson,EOS6Ksy4etuVNPxvE2fWZgytGBoNqGiC2bwMmYNkTX4rnzTioV6HM,
lemiliadaire,EOS4zzDz6xYYVtiguYTbwWnhoM24r1MC2N6tK4QQd8MZvAitiMtC4,"active,owner"
telosmoonacc,EOS6w2VdJKFfFkiH63nVHKY7vqix8kQAhsexD9F2GGyE1f8WweDnm,"active,owner"
ralphwallet1,EOS6fNvcrKsqEUE2fpf4ftQmRWAQvTobMozDyRpEEUu77MMoqMwd9,"active,owner"
dedale2icare,EOS846zPbbEqsXNVKqL2zD6VkteMBzpVTVVPZ3DxhXAgNgESEHtPQ,"active,owner"
kanekirollie,EOS63JZHzLHyfWD9T6ucdKrvXTj46mnmiqgqradQ2e8zaDBHcr93D,"active,owner"
ulashakanbur,EOS6P2v9rvZRMS9H3rYrEcdj5nD9pJu7dnz2WHtWS2r9Gz5RzpDtb,"active,owner"
leixiang1234,EOS6grPtioFNxUS5F9KwxMbKbwYCGm9RzT46C8Ng2ibFMcP7GQjbi,"active,owner"
odinpapamama,EOS89PNAvQvJVCTSZbm8xGfffnX5WLwd1MQQ8X7UR1NoPrbhwD85C,"active,owner"
gmydmmrsgyge,EOS5mHoiViD3axg8bU5TuxJfZm6cfqEU1VPgwRU8UaDQ7U8z2YqUD,"active,owner"
thenumberone,EOS6sjLGyNg82yQ5Rrgeh8vYnkc8pnnEqxdyVhwspiPFdmDqPuCev,"active,owner"
neqwa2gc5ioh,EOS6x1yi7FPqLaYfVEREDvWkgDLGY7CywaPdsew9TzCrJ82nWHz8L,"active,owner"
blablaababaa,EOS5zUa5Mt2SDjkBMoG9Xyr3SkDZAzfSu75XRERyDW3dQpytFY6Ee,"active,owner"
markusferenc,EOS5mHfq3SqzNJn9cVJXxjHnLTybLEC8BEZkSHiVE4KWgpD723VLT,"active,owner"
hopy4uchidex,EOS5Tus1M9zUzw9LsKMt97qHh23ZHUj57JFgwnc2Vn6LZ8vivSNYV,
roncerotelos,EOS6Ep5iXHm6kfVWGvrNppUzc1HJ4LaMcB7iLXh3XLmsjmFKVozNX,"active,owner"
vsemmetallok,EOS5J8zcQSFC94hgxPHf4xN5R5P9YVaf6novRdZtuJnYPMQYseBYa,"active,owner"
withbenefits,EOS7c2HpLDcr1PN9EskFFhksw4To4SEE2t4VJjny85KT6EA6n33VS,"active,owner"
superhalta22,EOS5rBiqhR3v7B6Yj6fUormvFZ3wpqJBVGrcfiRnvFYPPoyxx4DRk,"active,owner"
dnskfdvnkl12,EOS6E6kf2DjHSccPDhGJC9XZQttQT25wNH1U7ofUGJSrz29GhNkpw,"active,owner"
scandinavia3,EOS586vpcCyD6Cz6ZdLRDZJ8NqXtQnMR4wfd6MXVM8dxPSU7mHipH,active
philitician1,EOS8TJh3KaoQadsG3vg62H7LSC84q6YSPARAmzztxgUf4QniZBfLn,"active,owner"
soylatelos12,EOS8TvoHFcomC2w9xtTZnEit7qdpNQGAgqNpZqRfbEkhBGXNrP4nh,"active,owner"
mrwikuskriek,EOS8dSLwmxPsZhJaqTHHWwX5UxGr7mTLwXMH7WN7wz3kkCBEM5K4o,"active,owner"
shameel12345,EOS6K62kskjUzkGhmjsVhXsThPKCu6QRKkdk2CmcUAX2o4WEsQRnF,"active,owner"
luketwrowley,EOS5jh9FtLReD5ZegpVfnYkVn3nMBUcCqjZgg39B9C6o3e1R56rcq,"active,owner"
luhenbipebam,EOS6F8P5UmYPHiUmP94cyHWDgEWH6Fqf2jQ1Va77U8F9T3bhtdrbT,"active,owner"
maxgeiger123,EOS7knB763Umy8qw6WnmZM7x3rprGaGZuLgV7TDHZbWoik7EGEs7f,"active,owner"
nofalnawaz11,EOS8jyJRPaHSnsYkEw61f9mjt6quqVRoWa8jziJ6rZq9JGvB7KDso,"active,owner"
fishcarcatch,EOS5vz99z6pg6MoQT4Nrxtc7MknedP1vqYXktzQ9myN1hrhinwBxQ,"active,owner"
chibuezeugwo,EOS8itgtqNhd7dRMKQFpDKf5zpeSxnbDiqpsvRavBZWy1bB5NkEje,"active,owner"
telospaulgm2,EOS6DHWQR9vZeEGSuqmBspPVx6k6cjjS7kitG26L5jD7mgPGefBVT,"active,owner"
azcdefghijk1,EOS81DiBWRNFzHbgffqxv5YvnohjhyDvxrAAUfVpXfeQnqT6Sutjd,"active,owner"
ftc4vfdspfvy,EOS7cEMp1VBDTt2gnBtCDVRwHhUT7LTeKfMmruLUXzzwsG3VhsnPk,"active,owner"
e2wvcnwseqju,EOS7X1eUARZaGzcAX4zR6FG1f5FqVeFcf2QkqDfvWRFiJk9LeeTcB,"active,owner"
damnitleeroy,EOS6RfoUcZMX8X1XiDz2sMccQb5Yd1uGaAFcpPsqNbfpiJsHNvzTa,"active,owner"
ghtxyy23spor,EOS8DsCvfX356BnH7PbzVfpz5srDCCZz1jXnSyh8kxiEmBcgDhkPX,"active,owner"
hossein3211w,EOS7Nijsua8Vb52HpUGmdnXnm7MdmmGJWrmQEbcQoFxaza6Guyqhi,"active,owner"
u5vypoq3xkg3,EOS7FoXTP77J8gcH7tV7Nt3m5rdzKDkcQTB4j1VC8N53pk6msshRd,"active,owner"
wernerstroeb,EOS6jvE7wKkF8KJEdUjFWPESvxmqjTpfY5aVmvHYvxRCDFSVJoW15,"active,owner"
123sebastien,EOS86ficc9CfnE3JwwWySb5JmJovTVYj6cphcafvgVsrh19omY6jw,"active,owner"
amazinglife3,EOS8e5TbZp35dGthYTNHCpV8koYHGtnqqdeAE3XxHRwJBn1v6QbbH,"active,owner"
oldschool222,EOS8P1mXEUVmyTF1pLi1hFmpPeAWTC4RtNG9Qn92ePpVxuLMJm8dP,"active,owner"
niatfayyadh2,EOS7xEA9BFFbzbZ3PhQQvWrMiYdJQE3c17fxbY9eKmRcDr9EkAz8Y,"active,owner"
ksmad2w2xdtq,EOS6rx53KQ7CDS9iQi6MtxwKLxNAtHgUVjEy5BWsmC3q1EhJAHi2A,"active,owner"
4pf3q1yjbwtz,EOS7NcQww5aS25Wc1ftdi2KbZsB5aytYnwAGCLvbKhia7DpmPEMqU,"active,owner"
u4djgj3ocxvk,EOS6urX7SBaS2HKFcc7K9QnSVpHemyQSg5NQQrzB56ie9dzxJ5FsA,"active,owner"
wookieontour,EOS6zsjktDYU7xJA4oZpbNmG9M6eX3pL7xm1HCAfpRtNHHrRdEtGd,"active,owner"
5tygqplcucbl,EOS7f5vgPickxquCE5MbizwVQo8zWT3YaMjPdnr4wbAqCohH7Yydm,"active,owner"
sytelosacct1,EOS7vpSye3FqX9GTgFTcPmCENxUigyoYYaFXGifUeqKuCTzpE9QnV,"active,owner"
fofanabethel,EOS7xFSu6ifY1u7uzv6rg5VJyZ5yAJ1LSaSJzprwR3uWADQLULokF,
r5pu5n3igrwy,EOS66ixWFrobZ5DHnkuMBGiHVBUzX9cojQxrEQpsWasP5oVgwopJE,"active,owner"
telosmarkuss,EOS6sGyPhDpdvskaXDovVYkUxzKngwXeqXvBWwVz1BrjR8YCZNHUU,"active,owner"
4atzar5oaysn,EOS7AeF1C6xKzAkJ7yDEaBpMzBmqePoiX5onkxBcsMgsijRHHSSJb,"active,owner"
yjghmpagzuus,EOS7FmABa8pMG4mgK4utqyQaN1gAQ45Ku783S9qCcBnqjyXrifABg,"active,owner"
m5ely1n3hq3w,EOS6D9RyLh97uUtB8tbVotiDaxYL1boLZ1wojJy5dotJdbmnsQHWZ,"active,owner"
5rwguanmaup4,EOS6uyBAtSEdZ9ConTJ8N571a27rkekD4pxNMVBWQcPmrUbyqUJGk,"active,owner"
spljjshfz125,EOS5st7Ma9b3aSUMbmE8TuZYoSaYunG6fxRdeHugte3LPdJsc4ogK,"active,owner"
e3drfg3slzbm,EOS87jsfju9yAgE2kdfJXZ9BNn3HV1V65sSJJJXnqxKBuanTCbP2t,"active,owner"
c4fop4wskh1d,EOS5zyXo2C4xQdVXQJ5Fo8bbKgXaLXWyjTj4m9GeB9rby64xHz5GC,"active,owner"
ohayoubaka12,EOS684Bo9WXcb1unVi2xZk2qNiiNw78nWpQJSD4TrTed2HF7a1Q9r,"active,owner"
rimcollian25,EOS6uhv2FwySmtsq5efG2fAFHh4vBD288Wbv7VzRA4QQfSJMix6Kd,"active,owner"
jasonshenjia,EOS5H3vtQSY4rFEvoZTxUrwWL1WMDfLREMfAR5AiYXRzqcC48Tcdy,"active,owner"
xxxxxxxx2222,EOS7AFAqdXdqDRwp8AFCK9Ykfg14E5RRqZRefZLUrqgCnUQL8Ebgh,"active,owner"
xl1zlkocw1ds,EOS8bJtcuwEvS6PxU2CgbU2J5CKLjcMCWY9kX2xc2rFUaRxCnQq5D,"active,owner"
nimskcryptos,EOS5yCe1979EHeEzvZG6Lx6YhuDVgBKR9TRWUZeMXNYVLZCdYCydY,"active,owner"
1mzsxsnwr3tw,EOS6xsVE7SBmzaTtJirJsRdJKQpxJ1SdNT2pcnN6jZi9w7fkaZkKe,"active,owner"
1uprj2cszkbx,EOS57rtBGhACFasHsNM156pNYZuJsTaYLAj2ChjUDF9fFx4PJkiY7,"active,owner"
cyqe1p3y1tze,EOS4yjF8UfUGBSiwEsNchdSUwF3qiT716QVDrqrLV2eMDLamAyQQ4,"active,owner"
tydean4real1,EOS7e3YgjUyTKcMESJ4Nuy9zhD9U19rjcrCPgTuhFMJV1pvHcpQs7,"active,owner"
lf1sc45g3pjs,EOS6ps6bHVQ4ZZySp4DBivin7bPBbW8TasBh5Mw9Pek9AAXCveKmE,"active,owner"
greajkcsrugh,EOS87nUNabz3S3B4W3hpvrFa54VsTYzV8j3W72EWvc1M4bjEFR3ES,"active,owner"
h3hosw1fkqlc,EOS6f3ZxmAVpjaja5nih6ibFiAPzrLD7YUVgJj4xkQW1sAiNMeeM8,"active,owner"
coinokom1234,EOS5FyznEUydsaeoN31EAExtL7mUYkm42UsmHAE7KQBbQskTSsEF4,"active,owner"
tzjhcxtbsxwa,EOS7hrneJ8Wa4pRYpAvjJKKMb5cTnJvYzzt2QobTCx99eXjYX8fdg,"active,owner"
xxxxxxxx1111,EOS5eQ2C1oEYtTd6R4tqyUCNTuBcWs5h2S8qaobtXPoG7SvWGkuLW,
aq1q3j5vgljo,EOS6Wh8yHzSxuUWpou1tNLGFRnx9GQcUtBYtKWcuWXAQsqMpQpaLr,"active,owner"
vzlaxqqg5axh,EOS55EnbppdtNwjK1u52UqmgqZBZmfQeUgKjZWEWZW6SpUHtzWotq,"active,owner"
fgwo4nfy2yte,EOS8ZKcDWkGuTqKFrP6da1XGkZFpHXV2d3Q7MaxEDjKu4HbGAXaNW,"active,owner"
ultimaonline,EOS6Jh2EqxDyWjgkA6eTVsZvUArRsNoxauRLXhG9rrVrR4vwg2ZqN,"active,owner"
xxxxxxxx3333,EOS8dLpaz71FyswTb9VEYUwJjsMzkZSxvntPkVvbVC98aGfaNx6M8,"active,owner"
u5zgzoi3nci3,EOS6DwEG9TNJtmzzpMBdcLPZR2U36diKkVHCayMRC4rAAgvv9XVUJ,"active,owner"
emu41yfog2sw,EOS5Wr17uJrY8Y5CsfEKVs5hFH5tCiNC47cyJMeXuWDf9JTbPtXdn,"active,owner"
g3qsnyczf3u2,EOS6Ai6n7n51sJUnk8CvtUtHYfbEN98ve3h6js5odoixhp7ZnJ6t5,"active,owner"
d3xnjwtihbck,EOS6dh54e9ncRQDRED5Yc7eznWkftBMXin3W1nvZBiH7jY7qmPFPE,"active,owner"
yhas2nmklz4i,EOS7HLxndA7zpovp9T11vzWMXyKuq2D86uxVCmWCf7s8TfW6hcqh7,"active,owner"
wnb1xtmlkbyx,EOS85jyR1uHDfyureJwE6oP7aKaRECs4i5UXUbByK2HvhJkkAevxj,"active,owner"
ixw5mrfikcdb,EOS5KTzMgFfjoCSaCryjWCRGoAPpRtFYwcY2Thn5CZthAyT6aJQE7,"active,owner"
therealchips,EOS8hY3d69oj6WuXD5NRu2MJbctAihUaP3m1eBC9wkQpne7CxrbQw,"active,owner"
lvimuo5e2ypd,EOS7YnbyLcZXhPH4PVUoZs1nZLCAqTDfhpVW4EQnQcSVDVL8EtnSu,"active,owner"
qtvr1pxodzsb,EOS6PSKC2Hr5ajLnzyZMA3HpqjmFoiHUtax6ECbXJZyAw2PDSNjMx,"active,owner"
peterstanley,EOS6nb11Du1Y6K4JPJtTafADroZvGmQv5rgibNc6vHk33HjHC56Dx,"active,owner"
vbniv5blfolo,EOS8DYubm941VwpuyGPE5nTJD9YP6Zf7nKZwifyccFqjVNUyzbiCU,"active,owner"
dodecahedrox,EOS5VvKyBBdf6UkmVLgky74qytjipiNAs28qr2u9tSGBfEdAVqtL8,"active,owner"
ninothegamer,EOS8RxRQN2marFdSbij6ETjFFrdrkFWWUSw2C2Ww4ZkuVPXc1H7B2,"active,owner"
xiakangconch,EOS5eQ2C1oEYtTd6R4tqyUCNTuBcWs5h2S8qaobtXPoG7SvWGkuLW,"active,owner"
xxxxxxxx5555,EOS6ySQoHC2eF5hYDKooHr6sqJR1HHQ2n4D4xvGf4TP95MTYVrqvu,"active,owner"
dimaswinatha,EOS61s84dYh2pQMk1JQk5VvejuudtKsNnSMGbGvx8cduSwVd6urFg,"active,owner"
randomwallet,EOS8WwWiqdJAmtFVoNBhkoxpBteYFyhjcpD4pp3zgWk97dhdBeMW3,"active,owner"
ollyollyolly,EOS5ctizYkkcyjVR7jNjykintU4kZU3FoU9L81h6zcv55byq2r6m4,"active,owner"
dujianhao123,EOS7omEZeFE1DgLK1txkn7rnp2bzXGMAdNrdFkssmFngQjxjXZuUt,"active,owner"
badconnectio,EOS5favNveHHpEGXzQBffaaK8B8maNsRXVTmmWQ5EpZA6hQ1ZyDz3,"active,owner"
mohamedazath,EOS7oHyTMC9JXTaCLcBQ1uYx4fkFLvi7Zo1df9fvdKpqBtswTDyHb,"active,owner"
salemn241111,EOS7tLmuTwr7RdbRKmZdJyvo55sa7w16tCugxr5XUGkXBhS2uvHPk,"active,owner"
joshienng145,EOS8Eq6YpSvnLcY5cXhSuKchgfy2z8jynxCXWVSQrhAhhYNyCYTAC,"active,owner"
digiramera12,EOS7NvtAd4dN7f6EJhYC82mRtWzosuSv7NqtesJrm2vyqyRJC9bbR,"active,owner"
daniel123123,EOS5ENSzjjJASBumPX3sMxu39ZoJcQKhSPMrJ4pkKgLQxR4vfcyWV,"active,owner"
kmcotelosone,EOS6Ysydjy2pPmKXkPCaKjJvdiYbiDQWeknuGfQZzidPHtX4nG1xM,
telosevmacc1,EOS5bWiNf6hwz1yYLT78GqwwTvk1f2DsDL3snYmY96uYhcr3qLQJE,"active,owner"
demieanudo13,EOS6PKc5iTUmdwM7hH6i8XrFnf9o93ucEpSo3uov5Tx24j2bJ2Zhm,"active,owner"
tarazi121212,EOS81H6CbLyeCAdepSb8RNPkc1nUShrU4BL44cejxJkgx416oHkBy,"active,owner"
azcdefghijk1,EOS8Y3x9BLeqLYBBUor8Nk1ggApk2mWHM6hXz6e3yHfJsRTZHsJFi,
mikeporteous,EOS84LnraXJSjowC1GVT52AWmaXogNZmtK1CaGH78a1wcZEHR5wZA,"active,owner"
fourchunate1,EOS59mDs8ZLHtm9sB4uLHYLUhHZdDUPguB2YtHJ5QoTbfdf2nUReD,"active,owner"
